{"name":"3b649757-fbd7-402a-9506-d3700319887e","id":"/providers/Microsoft.Flow/flows/3b649757-fbd7-402a-9506-d3700319887e","type":"Microsoft.Flow/flows","properties":{"apiId":"/providers/Microsoft.PowerApps/apis/shared_logicflows","displayName":"SelfService","definition":{"metadata":{"workflowEntityId":null,"flowclientsuspensionreason":"None","flowclientsuspensiontime":null,"creator":{"id":"4e0f38d8-3e80-41c4-8be2-6e03431f970f","type":"User","tenantId":"e3cfd2a8-a2de-40b0-9fd9-97d2314c027a"},"provisioningMethod":"FromDefinition","failureAlertSubscription":true,"clientLastModifiedTime":"2020-12-17T19:33:42.4363583Z"},"$schema":"https://schema.management.azure.com/providers/Microsoft.Logic/schemas/2016-06-01/workflowdefinition.json#","contentVersion":"1.0.0.0","parameters":{"$authentication":{"defaultValue":{},"type":"SecureObject"}},"triggers":{"manual":{"type":"Request","kind":"PowerApp","inputs":{"schema":{"type":"object","properties":{"UserPrincipalName_Inputs":{"type":"any","description":"Inputs","x-ms-powerflows-param-ispartial":false},"MigrationSchedule_Inputs":{"type":"any","description":"Inputs","x-ms-powerflows-param-ispartial":false},"PolicyName_Inputs":{"type":"any","description":"Inputs","x-ms-powerflows-param-ispartial":false}},"required":["UserPrincipalName_Inputs","MigrationSchedule_Inputs","PolicyName_Inputs"]}}}},"actions":{"UserPrincipalName":{"runAfter":{},"type":"Compose","inputs":"@triggerBody()['UserPrincipalName_Inputs']"},"MigrationSchedule":{"runAfter":{"UserPrincipalName":["Succeeded"]},"type":"Compose","inputs":"@triggerBody()['MigrationSchedule_Inputs']"},"PolicyName":{"runAfter":{"MigrationSchedule":["Succeeded"]},"type":"Compose","inputs":"@triggerBody()['PolicyName_Inputs']"},"HTTP":{"runAfter":{"PolicyName":["Succeeded"]},"type":"Http","inputs":{"method":"POST","uri":"https://placeholder.com","body":{"upn":"@{outputs('UserPrincipalName')}","MigrationSchedule":"@{outputs('MigrationSchedule')}","PolicyName":"@{outputs('PolicyName')}"}}}}},"connectionReferences":{},"flowFailureAlertSubscribed":false}}