{"name":"207ada29-beb3-47c3-9f01-c60043e3f1ba","id":"/providers/Microsoft.Flow/flows/207ada29-beb3-47c3-9f01-c60043e3f1ba","type":"Microsoft.Flow/flows","properties":{"apiId":"/providers/Microsoft.PowerApps/apis/shared_logicflows","displayName":"SelfService","definition":{"metadata":{"workflowEntityId":null,"flowclientsuspensionreason":"None","flowclientsuspensiontime":null,"creator":{"id":"ca032a25-1069-47b5-9ecc-620522e4592a","type":"User","tenantId":"f27a5633-96c2-42c0-909f-bdc07b3ee29c"},"provisioningMethod":"FromDefinition","failureAlertSubscription":true,"clientLastModifiedTime":"2020-11-25T19:02:03.0049257Z"},"$schema":"https://schema.management.azure.com/providers/Microsoft.Logic/schemas/2016-06-01/workflowdefinition.json#","contentVersion":"1.0.0.0","parameters":{"$connections":{"defaultValue":{},"type":"Object"},"$authentication":{"defaultValue":{},"type":"SecureObject"}},"triggers":{"manual":{"type":"Request","kind":"PowerApp","inputs":{"schema":{"type":"object","properties":{"UserPrincipalName_Inputs":{"type":"any","description":"Inputs","x-ms-powerflows-param-ispartial":false},"MigrationSchedule_Inputs":{"type":"any","description":"Inputs","x-ms-powerflows-param-ispartial":false},"PolicyName_Inputs":{"type":"any","description":"Inputs","x-ms-powerflows-param-ispartial":false}},"required":["UserPrincipalName_Inputs","MigrationSchedule_Inputs","PolicyName_Inputs"]}}}},"actions":{"Get_manager_(V2)":{"runAfter":{"PolicyName":["Succeeded"]},"type":"OpenApiConnection","inputs":{"host":{"apiId":"/providers/Microsoft.PowerApps/apis/shared_office365users","connectionName":"shared_office365users","operationId":"Manager_V2"},"parameters":{"id":"@outputs('UserPrincipalName')"},"authentication":{"value":"@json(decodeBase64(triggerOutputs().headers['X-MS-APIM-Tokens']))['$ConnectionKey']","type":"Raw"}}},"Start_and_wait_for_an_approval":{"runAfter":{"Get_manager_(V2)":["Succeeded"]},"type":"OpenApiConnectionWebhook","inputs":{"host":{"apiId":"/providers/Microsoft.PowerApps/apis/shared_approvals","connectionName":"shared_approvals","operationId":"StartAndWaitForAnApproval"},"parameters":{"approvalType":"BasicAwaitAll","WebhookApprovalCreationInput/title":"APPROVAL REQUIRED: Teams upgrade for @{outputs('UserPrincipalName')}","WebhookApprovalCreationInput/assignedTo":"@{outputs('Get_manager_(V2)')?['body/mail']};","WebhookApprovalCreationInput/details":"APPROVAL REQUIRED:  @{outputs('PolicyName')} upgrade for @{outputs('UserPrincipalName')}","WebhookApprovalCreationInput/enableNotifications":true,"WebhookApprovalCreationInput/enableReassignment":true},"authentication":{"value":"@json(decodeBase64(triggerOutputs().headers['X-MS-APIM-Tokens']))['$ConnectionKey']","type":"Raw"}}},"Check_for_Manager_Approval":{"actions":{"Check_for_Migration_schedule":{"actions":{"Send_message":{"runAfter":{},"type":"OpenApiConnection","inputs":{"host":{"apiId":"/providers/Microsoft.PowerApps/apis/shared_servicebus","connectionName":"shared_servicebus","operationId":"SendMessage"},"parameters":{"entityName":"batch","message/ContentData":"{\n  \"upn\": \"@{outputs('UserPrincipalName')}\",\n  \"upgradepolicy\": \"@{outputs('PolicyName')}\"\n}","message/ContentType":"Application/json","systemProperties":"None"},"authentication":{"value":"@json(decodeBase64(triggerOutputs().headers['X-MS-APIM-Tokens']))['$ConnectionKey']","type":"Raw"}}}},"runAfter":{},"else":{"actions":{"Create_job":{"runAfter":{},"type":"OpenApiConnection","inputs":{"host":{"apiId":"/providers/Microsoft.PowerApps/apis/shared_azureautomation","connectionName":"shared_azureautomation","operationId":"CreateJob"},"parameters":{"subscriptionId":"8f7638bf-2822-4e00-95a5-c90301dde80f","resourceGroupName":"Ssdemo","automationAccount":"sstest30Acct","runbookName":"UpgradeToTeamsOnly","wait":true,"body/properties/parameters/Upn":"@outputs('UserPrincipalName')","body/properties/parameters/Policy":"@outputs('PolicyName')"},"authentication":{"value":"@json(decodeBase64(triggerOutputs().headers['X-MS-APIM-Tokens']))['$ConnectionKey']","type":"Raw"}}},"Get_job_output":{"runAfter":{"Create_job":["Succeeded"]},"type":"OpenApiConnection","inputs":{"host":{"apiId":"/providers/Microsoft.PowerApps/apis/shared_azureautomation","connectionName":"shared_azureautomation","operationId":"GetJobOutput"},"parameters":{"subscriptionId":"8f7638bf-2822-4e00-95a5-c90301dde80f","resourceGroupName":"Ssdemo","automationAccount":"sstest30Acct","jobId":"@outputs('Create_job')?['body/properties/jobId']"},"authentication":{"value":"@json(decodeBase64(triggerOutputs().headers['X-MS-APIM-Tokens']))['$ConnectionKey']","type":"Raw"}}},"Check_Job_Status":{"actions":{"Post_a_message_as_the_Flow_bot_to_a_user_3":{"runAfter":{},"type":"OpenApiConnection","inputs":{"host":{"apiId":"/providers/Microsoft.PowerApps/apis/shared_teams","connectionName":"shared_teams","operationId":"PostUserNotification"},"parameters":{"PostNotificationRequest/recipient/to":"@{outputs('UserPrincipalName')};","PostNotificationRequest/messageBody":"Migration to TeamsOnly mode complete"},"authentication":{"value":"@json(decodeBase64(triggerOutputs().headers['X-MS-APIM-Tokens']))['$ConnectionKey']","type":"Raw"}}}},"runAfter":{"Get_job_output":["Succeeded"]},"else":{"actions":{"Post_a_message_as_the_Flow_bot_to_a_user_2":{"runAfter":{},"type":"OpenApiConnection","inputs":{"host":{"apiId":"/providers/Microsoft.PowerApps/apis/shared_teams","connectionName":"shared_teams","operationId":"PostUserNotification"},"parameters":{"PostNotificationRequest/recipient/to":"@{outputs('Admin_notification_email')};","PostNotificationRequest/messageBody":"TeamsOnly Migration for \nJobid: @{outputs('Create_job')?['body/properties/jobId']}\nError:\n@{outputs('Get_job_output')?['body']}"},"authentication":{"value":"@json(decodeBase64(triggerOutputs().headers['X-MS-APIM-Tokens']))['$ConnectionKey']","type":"Raw"}}}}},"expression":{"equals":["@trim(outputs('Get_job_output')?['body'])","Success"]},"type":"If"}}},"expression":{"equals":["@outputs('MigrationSchedule')","Migrate Friday"]},"type":"If"}},"runAfter":{"Start_and_wait_for_an_approval":["Succeeded"]},"else":{"actions":{"Post_a_message_as_the_Flow_bot_to_a_user":{"runAfter":{},"type":"OpenApiConnection","inputs":{"host":{"apiId":"/providers/Microsoft.PowerApps/apis/shared_teams","connectionName":"shared_teams","operationId":"PostUserNotification"},"parameters":{"PostNotificationRequest/recipient/to":"@{outputs('UserPrincipalName')};","PostNotificationRequest/messageBody":"Teams upgrade approval rejected","PostNotificationRequest/messageTitle":"Teams upgrade approval rejected"},"authentication":{"value":"@json(decodeBase64(triggerOutputs().headers['X-MS-APIM-Tokens']))['$ConnectionKey']","type":"Raw"}}}}},"expression":{"equals":["@outputs('Start_and_wait_for_an_approval')?['body/outcome']","Approve"]},"type":"If"},"Admin_notification_email":{"runAfter":{},"type":"Compose","inputs":"admin2@euloh.onmicrosoft.com"},"UserPrincipalName":{"runAfter":{"Admin_notification_email":["Succeeded"]},"type":"Compose","inputs":"@triggerBody()['UserPrincipalName_Inputs']"},"MigrationSchedule":{"runAfter":{"UserPrincipalName":["Succeeded"]},"type":"Compose","inputs":"@triggerBody()['MigrationSchedule_Inputs']"},"PolicyName":{"runAfter":{"MigrationSchedule":["Succeeded"]},"type":"Compose","inputs":"@triggerBody()['PolicyName_Inputs']"}}},"connectionReferences":{"shared_office365users":{"connectionName":"shared-office365user-d31181fd-dba7-45b8-9e3a-990e4536fb3f","source":"Invoker","id":"/providers/Microsoft.PowerApps/apis/shared_office365users","tier":"NotSpecified"},"shared_approvals":{"connectionName":"shared-approvals-9a50067d-af4d-4dbb-8894-66f18e724ca2","source":"Invoker","id":"/providers/Microsoft.PowerApps/apis/shared_approvals","tier":"NotSpecified"},"shared_azureautomation":{"connectionName":"shared-azureautomati-56eef4b1-16e5-472e-a147-048fbd465907","source":"Invoker","id":"/providers/Microsoft.PowerApps/apis/shared_azureautomation","tier":"NotSpecified"},"shared_teams":{"connectionName":"shared-teams-70957db6-cc35-4eeb-a90a-4b7c4b39c503","source":"Invoker","id":"/providers/Microsoft.PowerApps/apis/shared_teams","tier":"NotSpecified"},"shared_servicebus":{"connectionName":"shared-servicebus-aa7bed69-e0ca-4383-8945-100e-c5c646ee","source":"Invoker","id":"/providers/Microsoft.PowerApps/apis/shared_servicebus","tier":"NotSpecified"}},"flowFailureAlertSubscribed":false}}